train_loss,Time,valid_loss,valid_auc
0.30007717207015033,246.0,0.4700509072999238,0.33492843216232937
0.2832083872977703,245.0,1.3466690789333917,0.30785227123667935
