train_loss,Time,valid_loss,valid_auc
1.3218381745474679,70.0,1.5115388120923723,0.21281645569620253
0.7343309010778155,68.0,26.048791885375977,0.4889240506329114
0.6174301419939313,67.0,105.98550306047711,0.5
0.5952882809298379,67.0,43.69524220057896,0.5
