train_loss,Time,valid_loss,valid_auc
0.4118040116533401,420.0,1.2690875531420878,0.771741280309539
