train_loss,Time,valid_loss,valid_auc
0.2778435420274498,417.0,0.21288581360352368,0.8685286082490157
0.27155186352689586,415.0,0.21968215403585095,0.866658588586918
